<?xml version = '1.0' encoding = 'UTF-8'?>
<plugins>
    <pyqgis_plugin name="CKAN-Browser" version="0.4.0">
        <description><![CDATA[Download and display CKAN enabled Open Data Portals]]></description>
        <version>0.4.0</version>
        <qgis_minimum_version>3.0.0</qgis_minimum_version>
        <qgis_maximum_version>3.99.0</qgis_maximum_version>
        <homepage>https://github.com/BergWerkGIS/QGIS-CKAN-Browser</homepage>
        <file_name>CKANBrowser.zip</file_name>
        <author_name><![CDATA[BergWerkGIS]]></author_name>
        <download_url>https://raw.githubusercontent.com/BergWerkGIS/QGIS-CKAN-Browser/v3-new-features/CKANBrowser.zip</download_url>
        <uploaded_by><![CDATA[BergWerkGis]]></uploaded_by>
        <create_date>2014-11-26T21:30:00.000000</create_date>
        <update_date>2014-11-26T21:30:00.000000</update_date>
        <experimental>False</experimental>
        <deprecated>False</deprecated>
        <tracker><![CDATA[https://github.com/BergWerkGIS/QGIS-CKAN-Browser/issues]]></tracker>
        <repository><![CDATA[https://github.com/BergWerkGIS/QGIS-CKAN-Browser]]></repository>
        <tags><![CDATA[open data, ckan]]></tags>
    </pyqgis_plugin>
</plugins>
